ID,Item Code,Price List,Rate,Currency,Selling,UOM,Buying,Item Name,Brand,Supplier
f9bd215a28,3636,Standard Selling SAR,10.00,SAR,1,,0,اساور استيل شانل,شانل,
dc01240272,3636,Standard Buying,5.0,SAR,0,Nos,1,اساور استيل شانل,شانل,
ef81714087,6666,Standard Selling SAR,10.00,SAR,1,,0,اساور استيل ماركة مع الخاتم,,
15a79cf821,6666,Standard Buying,5.0,SAR,0,Nos,1,اساور استيل ماركة مع الخاتم,,
12c370fd09,2525,Standard Selling SAR,15.00,SAR,1,,0,اساور زركون مع الخاتم ملون,,
0c06bb74e1,2525,Standard Buying,10.83,SAR,0,Nos,1,اساور زركون مع الخاتم ملون,,
51920b9181,6363,Standard Selling SAR,6.00,SAR,1,,0,اساور زركون طوابق,,
8e54a6d167,6363,Standard Buying,3.0,SAR,0,Nos,1,اساور زركون طوابق,,
1a52f02d10,8.2352,Standard Selling SAR,8.20,SAR,1,,0,اساور زركون بناتي,,
ac3c3d6b9f,8.2352,Standard Buying,6.0,SAR,0,Nos,1,اساور زركون بناتي,,
e7923529f4,5561,Standard Selling SAR,11.76,SAR,1,,0,اساور كرستال مع الخاتم,,
79da999cc9,5561,Standard Buying,8.5,SAR,0,Nos,1,اساور كرستال مع الخاتم,,
2780311720,113135,Standard Selling SAR,0.00,SAR,1,,0,اطواق فيونكه 3 حبه كرت 8 شكل,,
43a92e6f27,113135,Standard Buying,0.96,SAR,0,Nos,1,اطواق فيونكه 3 حبه كرت 8 شكل,,
bf4a11b861,113317,Standard Selling SAR,0.00,SAR,1,,0,اطواق راقي 9 موديل 6/9,,
77e79b9c55,113317,Standard Buying,4.31,SAR,0,Nos,1,اطواق راقي 9 موديل 6/9,,
f8f67802d9,113341,Standard Selling SAR,0.00,SAR,1,,0,اطواق صوف 2 حبه كرت 6 شكل,,
2a25499c54,113341,Standard Buying,1.92,SAR,0,Nos,1,اطواق صوف 2 حبه كرت 6 شكل,,
26a67ffb6a,113342,Standard Selling SAR,0.00,SAR,1,,0,اطواق قماش 3 حبه كرت 8 موديل,,
6e09c9fb4e,113342,Standard Buying,3.64,SAR,0,Nos,1,اطواق قماش 3 حبه كرت 8 موديل,,
93b9a4db54,113345,Standard Selling SAR,0.00,SAR,1,,0,اطواق لولو 2 حبه كرت 7 موديل,,
be99e190f2,113345,Standard Buying,3.83,SAR,0,Nos,1,اطواق لولو 2 حبه كرت 7 موديل,,
490b90f5ca,113390,Standard Selling SAR,0.00,SAR,1,,0,اطواق شتوي عدد 4 شكل 3,,
cc2d9e1aee,113390,Standard Buying,3.83,SAR,0,Nos,1,اطواق شتوي عدد 4 شكل 3,,
b4c8d5b353,6972202211,Standard Selling SAR,7.01,SAR,1,,0,اطواق راقي 8 اشكال 2,,
aeef02708a,00020,Standard Buying,4.82,SAR,0,Nos,1,00020,,
57578789a9,003-4560,Standard Buying,13.75,SAR,0,Nos,1,003-4560,,
3526d968c5,003-4561,Standard Buying,13.75,SAR,0,Nos,1,003-4561,,
e27379598a,003-4562,Standard Buying,13.75,SAR,0,Nos,1,003-4562,,
268fe601f8,003-4563,Standard Buying,13.75,SAR,0,Nos,1,003-4563,,
7b2ae94810,003-4564,Standard Buying,13.75,SAR,0,Nos,1,003-4564,,
aa8aa40b9b,003-4565,Standard Buying,10.0,SAR,0,Nos,1,003-4565,,
8c0249646b,003-4566,Standard Buying,10.0,SAR,0,Nos,1,003-4566,,
7651c5faf6,003-4568,Standard Buying,10.0,SAR,0,Nos,1,003-4568,,
6cc8e621dc,003-4570,Standard Buying,10.0,SAR,0,Nos,1,003-4570,,
d7e95da79f,01111,Standard Selling SAR,25.20,SAR,1,,0,حزامات عريض,,
16a0a258ff,01111,Standard Buying,15.0,SAR,0,Nos,1,حزامات عريض,,
d7e95da79f,01111,Standard Selling SAR,25.20,SAR,1,,0,حزامات جنيهات صغير,,
33faaf5bf1,01111,Standard Buying,13.5,SAR,0,Nos,1,حزامات جنيهات صغير,,
acf6c01b19,01149,Standard Buying,5.0,SAR,0,Nos,1,01149,,
c02433df4c,01163,Standard Buying,6.6,SAR,0,Nos,1,01163,,
cfafa7d80c,01187,Standard Buying,10.0,SAR,0,Nos,1,01187,,
13c1c98d7e,01289,Standard Buying,16.0,SAR,0,Nos,1,01289,,
f72380a0bb,0285425,Standard Buying,22.0,SAR,0,Nos,1,0285425,,
09036fbbe7,0351,Standard Buying,25.0,SAR,0,Nos,1,0351,,
5f90f5cd8d,04736,Standard Buying,20.0,SAR,0,Nos,1,04736,,
47783d138c,060524,Standard Buying,4.58,SAR,0,Nos,1,060524,,
f418cc47a7,064-7,Standard Buying,3.61,SAR,0,Nos,1,064-7,,
a76478f51a,06661,Standard Selling SAR,7.06,SAR,1,,0,اساور رجالي جلد,,
b56055468f,06661,Standard Buying,3.33,SAR,0,Nos,1,اساور رجالي جلد,,
9f6a2acb72,06732,Standard Selling SAR,35.29,SAR,1,,0,سريوم اكليل الجبل,,
49aca11dfc,06732,Standard Buying,30.0,SAR,0,Nos,1,سريوم اكليل الجبل,,
b3bcedaf98,08663,Standard Buying,1.39,SAR,0,Nos,1,08663,,
94edd6a4e7,09276,Standard Buying,25.0,SAR,0,Nos,1,09276,,
a5f8dbbff9,10004,Standard Buying,27.0,SAR,0,Nos,1,10004,,
306b7bf630,10110,Standard Buying,55.0,SAR,0,Nos,1,10110,,
c1d9b0f961,10111,Standard Buying,50.0,SAR,0,Nos,1,10111,,
177b110cf9,10112,Standard Buying,45.0,SAR,0,Nos,1,10112,,
6c77c24eca,10113,Standard Buying,1.67,SAR,0,Nos,1,10113,,
0814b73ec1,10114,Standard Buying,2.33,SAR,0,Nos,1,10114,,
4571857993,10115,Standard Buying,3.0,SAR,0,Nos,1,10115,,
71d3752bba,10116,Standard Buying,5.0,SAR,0,Nos,1,10116,,
0ef4737949,10117,Standard Buying,14.0,SAR,0,Nos,1,10117,,
8e9ad4eb36,10118,Standard Buying,6.0,SAR,0,Nos,1,10118,,
e4a99cb903,10119,Standard Buying,4.0,SAR,0,Nos,1,10119,,
1a6a16901d,10122,Standard Buying,5.83,SAR,0,Nos,1,10122,,
8353bc4ab0,10133,Standard Buying,4.05,SAR,0,Nos,1,10133,,
83bdb68f9f,1014,Standard Buying,30.0,SAR,0,Nos,1,1014,,
14c3bb17ca,1014,Standard Buying,1.67,SAR,0,Nos,1,1014,,
65c552a216,1016A,Standard Buying,30.0,SAR,0,Nos,1,1016A,,
5e1dc43ada,1017,Standard Buying,30.0,SAR,0,Nos,1,1017,,
f922fd7fa0,1017A,Standard Buying,1.67,SAR,0,Nos,1,1017A,,
c4a0afbbcd,1018,Standard Buying,6.08,SAR,0,Nos,1,1018,,
8a643980b7,10183,Standard Buying,4.58,SAR,0,Nos,1,10183,,
fdf2ab660b,10188,Standard Buying,4.16,SAR,0,Nos,1,10188,,
c2c5021d2d,10323,Standard Selling SAR,11.65,SAR,1,,0,اساور كف,,
2069d30d76,10323,Standard Buying,5.5,SAR,0,Nos,1,اساور كف,,
b45003a3b8,1036,Standard Selling SAR,3.53,SAR,1,,0,شفرات حواجب فلمنجو,فلمنجو,
814acc3434,1036,Standard Buying,1.67,SAR,0,Nos,1,شفرات حواجب فلمنجو,فلمنجو,
5f0179e557,10379,Standard Buying,1.38,SAR,0,Nos,1,10379,,
f47d42eb11,10430,Standard Buying,4.17,SAR,0,Nos,1,10430,,
c87997e335,10447,Standard Buying,4.16,SAR,0,Nos,1,10447,,
a389e5ff21,10485,Standard Buying,4.16,SAR,0,Nos,1,10485,,
f877b90d66,10539,Standard Buying,4.16,SAR,0,Nos,1,10539,,
3e889d4330,105392,Standard Buying,13.18,SAR,0,Nos,1,105392,,
a9ba2022d0,10540,Standard Buying,5.8,SAR,0,Nos,1,10540,,
cb6f4fa022,10584,Standard Buying,3.79,SAR,0,Nos,1,10584,,
3fedbd4904,10591,Standard Buying,3.68,SAR,0,Nos,1,10591,,
9ba6a28c30,10607,Standard Buying,4.16,SAR,0,Nos,1,10607,,
903eaf39f5,10683,Standard Buying,4.05,SAR,0,Nos,1,10683,,
065d0fe318,10922,Standard Buying,4.16,SAR,0,Nos,1,10922,,
5c78dc6d3d,10966,Standard Buying,4.16,SAR,0,Nos,1,10966,,
134c8e67b3,109800,Standard Buying,3.33,SAR,0,Nos,1,109800,,
98a2449dd5,11013,Standard Buying,40.0,SAR,0,Nos,1,11013,,
c87a546bca,11024,Standard Buying,4.16,SAR,0,Nos,1,11024,,
be087fe1eb,11031,Standard Buying,4.16,SAR,0,Nos,1,11031,,
a26c9803a3,11083,Standard Buying,45.0,SAR,0,Nos,1,11083,,
b28578d184,1110,Standard Buying,15.0,SAR,0,Nos,1,1110,,
ff462b25bf,11111,Standard Buying,18.0,SAR,0,Nos,1,11111,,
10db90f8f0,1111111111,Standard Selling SAR,2.00,SAR,1,,0,محمد,,
6957ccb94c,1111111111,Standard Buying,1.0,SAR,0,Nos,1,محمد,,
2272456d34,113360,Standard Selling SAR,0.00,SAR,1,,0,ربطة جبين عريض 10 موديل 9/3/7,,
8e44b8ae14,113360,Standard Buying,3.64,SAR,0,Nos,1,ربطة جبين عريض 10 موديل 9/3/7,,
f9108f3855,113371,Standard Selling SAR,0.00,SAR,1,,0,طقم كلبس مع ربطه 10 موديل 2/3,,
a5df80252b,113371,Standard Buying,3.83,SAR,0,Nos,1,طقم كلبس مع ربطه 10 موديل 2/3,,
35d7e201f1,113388,Standard Selling SAR,0.00,SAR,1,,0,طوق بندانه 11 موديل 5/8,,
049a6eceea,113388,Standard Buying,3.64,SAR,0,Nos,1,طوق بندانه 11 موديل 5/8,,
db5e7d038f,113391,Standard Selling SAR,0.00,SAR,1,,0,ربطة شتوي 2 حبة كرت عدد 4 اشكال 1/3,,
1a8faab094,113391,Standard Buying,3.83,SAR,0,Nos,1,ربطة شتوي 2 حبة كرت عدد 4 اشكال 1/3,,
ada9a82fb8,1161,Standard Selling SAR,1.10,SAR,1,,0,باكت مزيل مناكير,,
d6f58c3330,1161,Standard Buying,17.0,SAR,0,Nos,1,باكت مزيل مناكير,,
1f22d93ac5,11672,Standard Buying,86.0,SAR,0,Nos,1,11672,,
79c9c85acd,1187,Standard Selling SAR,1.10,SAR,1,,0,حامورة سحري,,
464712368f,1187,Standard Buying,0.42,SAR,0,Nos,1,حامورة سحري,,
857f755f46,1193,Standard Selling SAR,14.10,SAR,1,,0,هامات رأس بناتي,,
66685a7c78,1193,Standard Buying,7.5,SAR,0,Nos,1,هامات رأس بناتي,,
a805eea7df,1198,Standard Buying,1.67,SAR,0,Nos,1,1198,,
d43a96eab0,1198A,Standard Buying,1.25,SAR,0,Nos,1,1198A,,
658ded8e9f,11991,Standard Buying,59.0,SAR,0,Nos,1,11991,,
fa4cc645fd,1200B,Standard Buying,1.25,SAR,0,Nos,1,1200B,,
fbc14c2bc7,12121,Standard Buying,18.0,SAR,0,Nos,1,12121,,
d6f26a29ab,12121,Standard Buying,0.42,SAR,0,Nos,1,12121,,
2a74f3aa3d,12130,Standard Buying,1.08,SAR,0,Nos,1,12130,,
0bfc40ee19,12456987541180,Standard Selling SAR,0.00,SAR,1,,0,ستن ليكر موديل,,
27623f9fea,125486255552,Standard Buying,1.17,SAR,0,Nos,1,125486255552,,
a80ab51da2,13131,Standard Buying,25.0,SAR,0,Nos,1,13131,,
372fdc9252,13316,Standard Buying,7.05,SAR,0,Nos,1,13316,,
e5ce361f6e,13352,Standard Buying,4.24,SAR,0,Nos,1,13352,,
43f4c467ea,138459,Standard Selling SAR,2.35,SAR,1,,0,تيجان,,
4c7c0bd4e6,138667,Standard Selling SAR,5.88,SAR,1,,0,مطاط برميل جامبو 5 شكل شد 10د 1/4,,
5ce90ec417,138667,Standard Buying,3.83,SAR,0,Nos,1,مطاط برميل جامبو 5 شكل شد 10د 1/4,,
d9520e97bb,138796,Standard Selling SAR,1.17,SAR,1,,0,مطاط 12 كرت كيس 10 اشكال 7/6/8,,
d166b975c5,138796,Standard Buying,0.34,SAR,0,Nos,1,مطاط 12 كرت كيس 10 اشكال 7/6/8,,
ac986416dc,140140,Standard Buying,3.0,SAR,0,Nos,1,140140,,
a7fceca956,14141,Standard Buying,29.0,SAR,0,Nos,1,14141,,
a147397a20,1415,Standard Buying,18.0,SAR,0,Nos,1,1415,,
b8e7644117,14958,Standard Buying,4.16,SAR,0,Nos,1,14958,,
bf0d1c1d5b,1498,Standard Buying,3.0,SAR,0,Nos,1,9200396114638,,
e830bbb1e7,15086,Standard Buying,4.07,SAR,0,Nos,1,15086,,
a47f3862f9,15151,Standard Buying,9.0,SAR,0,Nos,1,15151,,
e2efd6ac85,154237,Standard Selling SAR,0.00,SAR,1,,0,مساك فراشة حبه كبير 6 حبة صغير كرت 8 شكل,,
d1f3aaad9c,154237,Standard Buying,3.83,SAR,0,Nos,1,مساك فراشة حبه كبير 6 حبة صغير كرت 8 شكل,,
865257e775,154392,Standard Buying,2.08,SAR,0,Nos,1,154392,,
b6dfb7c153,154395,Standard Buying,1.38,SAR,0,Nos,1,154395,,
9600f0759c,15496,Standard Buying,25.0,SAR,0,Nos,1,15496,,
118ddc42d3,1585,Standard Buying,4.16,SAR,0,Nos,1,8652369925085,,
136c4216d7,1594,Standard Buying,1.38,SAR,0,Nos,1,6920251542682,,
a1b3de43a6,161770,Standard Selling SAR,0.00,SAR,1,,0,طقم طوق مع كلبس فيونكه 11 موديل 3,,
fe6db1f278,161770,Standard Buying,3.35,SAR,0,Nos,1,طقم طوق مع كلبس فيونكه 11 موديل 3,,
3ccee306eb,161792,Standard Selling SAR,0.00,SAR,1,,0,طقم نظارة مع كلبس عدد 8 اشكال 6/1,,
c2dfa40d9a,161792,Standard Buying,3.35,SAR,0,Nos,1,طقم نظارة مع كلبس عدد 8 اشكال 6/1,,
6dc362d173,161793,Standard Selling SAR,0.00,SAR,1,,0,طقم نظارة مع سلس عدد 8 اشكال 1,,
0bf9e49423,161793,Standard Buying,3.83,SAR,0,Nos,1,طقم نظارة مع سلس عدد 8 اشكال 1,,
e942e948dc,161841,Standard Buying,1.35,SAR,0,Nos,1,161841,,
d860858468,161847,Standard Buying,4.16,SAR,0,Nos,1,161847,,
f18eceb04b,165A,Standard Buying,1.25,SAR,0,Nos,1,165A,,
e024c840e8,16809,Standard Buying,38.0,SAR,0,Nos,1,16809,,
21e5d85d46,16847,Standard Buying,55.0,SAR,0,Nos,1,16847,,
3ed4f66d73,1701,Standard Buying,20.0,SAR,0,Nos,1,8851932469104,,
3c9ffbe028,17026,Standard Buying,1.38,SAR,0,Nos,1,17026,,
316f2a3f8c,1703,Standard Buying,13.0,SAR,0,Nos,1,5912676276076,,
9678074582,1735,Standard Buying,1.25,SAR,0,Nos,1,6977925340419,,
e5f6f47f8e,17948,Standard Buying,4.5,SAR,0,Nos,1,17948,,
fd3cb5f13d,17994,Standard Buying,1.35,SAR,0,Nos,1,17994,,
119af55a73,18223,Standard Buying,4.05,SAR,0,Nos,1,18223,,
f326d719e8,18380,Standard Buying,4.16,SAR,0,Nos,1,18380,,
645be7c45c,1872,Standard Buying,6.83,SAR,0,Nos,1,1872,,
e299f10f77,191004,Standard Buying,42.0,SAR,0,Nos,1,191004,,
b6847f61bc,201842,Standard Buying,2.9,SAR,0,Nos,1,201842,,
a7e11c91f2,2020,Standard Buying,15.0,SAR,0,Nos,1,2020,,
085f2629c8,202020,Standard Buying,0.9,SAR,0,Nos,1,202020,,
4c68796016,202209,Standard Selling SAR,4.65,SAR,1,,0,اقلام روج ميس ديم 2309,,
6a23cafdd9,202209,Standard Buying,2.8,SAR,0,Nos,1,اقلام روج ميس ديم 2309,,
3d07860ab8,20243,Standard Selling SAR,1.10,SAR,1,,0,باكت رموش طبيعي,,
40e521651a,20243,Standard Buying,24.0,SAR,0,Nos,1,باكت رموش طبيعي,,
66a867c42a,20812,Standard Buying,36.0,SAR,0,Nos,1,20812,,
c31bdf147f,20841,Standard Buying,23.0,SAR,0,Nos,1,20841,,
44247279a5,20956,Standard Buying,2.17,SAR,0,Nos,1,20956,,
37f8b2ece3,2121,Standard Selling SAR,15.29,SAR,1,,0,خواتم مع المحبس رزكون,,
a8376721a8,2121,Standard Buying,5.5,SAR,0,Nos,1,خواتم مع المحبس رزكون,,
3409294e0c,21212,Standard Buying,23.0,SAR,0,Nos,1,21212,,
0cd1619c0c,21590,Standard Buying,10.0,SAR,0,Nos,1,21590,,
2464100337,221B,Standard Buying,3.1,SAR,0,Nos,1,221B,,
adc1542edb,2244,Standard Buying,11.6,SAR,0,Nos,1,2244,,
1911803680,22878,Standard Selling SAR,8.20,SAR,1,,0,اساور رجالي نسائي,,
05769ccde3,22878,Standard Buying,3.33,SAR,0,Nos,1,اساور رجالي نسائي,,
e569f08203,23019,Standard Buying,1.38,SAR,0,Nos,1,23019,,
b176b2bbec,23026,Standard Buying,4.16,SAR,0,Nos,1,23026,,
f98055e018,233233,Standard Buying,3.0,SAR,0,Nos,1,233233,,
c5d70537d9,23454,Standard Buying,0.69,SAR,0,Nos,1,23454,,
401ca5d3fe,24025,Standard Buying,1.17,SAR,0,Nos,1,24025,,
9777aeaf88,244244,Standard Buying,2.5,SAR,0,Nos,1,244244,,
a0e4ee49a6,24513,Standard Buying,20.0,SAR,0,Nos,1,24513,,
4ea6395fae,24611,Standard Buying,55.0,SAR,0,Nos,1,24611,,
8f12ab5a86,25092,Standard Buying,1.38,SAR,0,Nos,1,25092,,
5eb731bb50,25146,Standard Buying,4.16,SAR,0,Nos,1,25146,,
6c11a7ba92,2520,Standard Buying,1.04,SAR,0,Nos,1,2520,,
8138935445,25351,Standard Buying,1.0,SAR,0,Nos,1,25351,,
a97b7f8659,25560,Standard Selling SAR,5.88,SAR,1,,0,علب سحاب مربع وسط,,
b5996cf8d2,25560,Standard Buying,2.5,SAR,0,Nos,1,علب سحاب مربع وسط,,
714fc6cb85,25561,Standard Selling SAR,7.06,SAR,1,,0,علب سحاب مربع كبير,,
49fd6b43f1,25561,Standard Buying,2.92,SAR,0,Nos,1,علب سحاب مربع كبير,,
296360d193,25562,Standard Selling SAR,5.88,SAR,1,,0,علب سحاب اساور طويل,,
96ba416e9f,25562,Standard Buying,2.5,SAR,0,Nos,1,علب سحاب اساور طويل,,
1a30dfbda6,25563,Standard Selling SAR,4.65,SAR,1,,0,علب اساور طويل,,
b0973de02b,25563,Standard Buying,1.67,SAR,0,Nos,1,علب اساور طويل,,
62d9d29ca8,25564,Standard Selling SAR,4.65,SAR,1,,0,علب خواتم مربع,,
0ed2bbfbf5,25564,Standard Buying,1.67,SAR,0,Nos,1,علب خواتم مربع,,
d499739c13,25565,Standard Selling SAR,5.88,SAR,1,,0,علب خواتم قطيفة,,
d2a63e0cb4,25565,Standard Buying,2.5,SAR,0,Nos,1,علب خواتم قطيفة,,
a5ed190510,25566,Standard Selling SAR,5.88,SAR,1,,0,علب طقوم وسط,,
291870879d,25566,Standard Buying,2.5,SAR,0,Nos,1,علب طقوم وسط,,
62d1272e9b,26-2862,Standard Buying,24.67,SAR,0,Nos,1,26-2862,,
169dc57a27,26-5569,Standard Buying,21.25,SAR,0,Nos,1,26-5569,,
2c6ce77fa8,26-AF8808,Standard Buying,24.67,SAR,0,Nos,1,26-AF8808,,
543661e5d2,26-SDR-211,Standard Buying,21.25,SAR,0,Nos,1,26-SDR-211,,
28aa10a830,263,Standard Buying,9.0,SAR,0,Nos,1,263,,
fa7233e732,26411,Standard Buying,10.0,SAR,0,Nos,1,26411,,
ccdb0f9f36,26677,Standard Selling SAR,55.00,SAR,1,,0,كريم ستافيل,,
7747070337,26677,Standard Buying,45.0,SAR,0,Nos,1,كريم ستافيل,,
b54f5b0a1a,2676,Standard Buying,22.0,SAR,0,Nos,1,2676,,
896baf798f,27066,Standard Buying,40.0,SAR,0,Nos,1,27066,,
b879fe5b0f,272B,Standard Buying,1.25,SAR,0,Nos,1,272B,,
21afd7e769,28568,Standard Buying,3.0,SAR,0,Nos,1,28568,,
7bd2a66803,28860,Standard Buying,150.0,SAR,0,Nos,1,28860,,
b83b8d992e,3,Standard Selling SAR,50.00,SAR,1,,0,cheese burger,,
3755119f87,3007546,Standard Buying,8.71,SAR,0,Nos,1,3007546,,
5812c8db5c,30148,Standard Buying,13.93,SAR,0,Nos,1,30148,,
95ecb15bc0,3045,Standard Buying,4.16,SAR,0,Nos,1,3045,,
fda55fd364,30706,Standard Buying,14.0,SAR,0,Nos,1,30706,,
f6fdc4f693,30782,Standard Selling SAR,3.53,SAR,1,,0,بوش مجموعة,,
a53c022cc9,30782,Standard Buying,2.5,SAR,0,Nos,1,بوش مجموعة,,
898b1a395a,309808,Standard Buying,3.75,SAR,0,Nos,1,309808,,
969c234472,309934,Standard Buying,2.08,SAR,0,Nos,1,309934,,
3ff619d874,3113,Standard Buying,30.0,SAR,0,Nos,1,3113,,
c7fad8fb48,31313,Standard Buying,60.0,SAR,0,Nos,1,31313,,
d12aba0ee0,31545,Standard Selling SAR,10.00,SAR,1,,0,سلوس بناتي دمعة,,
c61295913a,31545,Standard Buying,5.0,SAR,0,Nos,1,سلوس بناتي دمعة,,
bde554cc8b,31569,Standard Selling SAR,2.35,SAR,1,,0,تيجان بناتي,,
f05e4ef175,31569,Standard Buying,0.83,SAR,0,Nos,1,تيجان بناتي,,
061ab44aea,31890,Standard Buying,0.92,SAR,0,Nos,1,31890,,
fe664bdb0b,33550,Standard Buying,54.0,SAR,0,Nos,1,33550,,
75f9d2e9ac,34020,Standard Buying,1.38,SAR,0,Nos,1,34020,,
60bb0d830b,34060,Standard Buying,55.0,SAR,0,Nos,1,34060,,
209af1d0f6,34218,Standard Buying,4.16,SAR,0,Nos,1,34218,,
a41daee244,3434,Standard Selling SAR,11.65,SAR,1,,0,سلوس فايتي كليف,فايتي,
413794331d,3434,Standard Buying,7.5,SAR,0,Nos,1,سلوس فايتي كليف,فايتي,
b9d559aa72,34919,Standard Buying,22.0,SAR,0,Nos,1,34919,,
22639ecf9e,350590,Standard Selling SAR,4.65,SAR,1,,0,روج  سائل 330411,,
bd9d45515c,350590,Standard Buying,1.88,SAR,0,Nos,1,روج  سائل 330411,,
6323087e9a,35306,Standard Buying,125.0,SAR,0,Nos,1,35306,,
4f9826feff,3709,Standard Buying,35.0,SAR,0,Nos,1,3709,,
9c3cf17a9c,37101,Standard Buying,12.0,SAR,0,Nos,1,37101,,
b7aa44ee09,37190,Standard Buying,54.0,SAR,0,Nos,1,37190,,
293eac8e05,3737,Standard Selling SAR,15.20,SAR,1,,0,اساور مسمار,,
9b314cdb15,3737,Standard Buying,9.0,SAR,0,Nos,1,اساور مسمار,,
114b467f04,37897,Standard Buying,16.0,SAR,0,Nos,1,37897,,
ffa7463cfc,3817,Standard Buying,25.0,SAR,0,Nos,1,3817,,
0ce2a27015,38405,Standard Buying,15.0,SAR,0,Nos,1,38405,,
81a8e89def,38436,Standard Buying,15.0,SAR,0,Nos,1,38436,,
46289c75fa,38573,Standard Buying,16.0,SAR,0,Nos,1,38573,,
749fcf7ecc,38597,Standard Buying,12.0,SAR,0,Nos,1,38597,,
6859dcd278,38610,Standard Buying,15.0,SAR,0,Nos,1,38610,,
5f49d9ad23,38849,Standard Buying,12.0,SAR,0,Nos,1,38849,,
ff4147f231,38877,Standard Buying,4.16,SAR,0,Nos,1,38877,,
a9cfbd7442,39068,Standard Buying,15.0,SAR,0,Nos,1,39068,,
056683c06d,39523,Standard Buying,4.16,SAR,0,Nos,1,39523,,
f1da72dfef,39570,Standard Buying,5.0,SAR,0,Nos,1,39570,,
3550967a4f,39615,Standard Buying,4.16,SAR,0,Nos,1,39615,,
9de78176a9,400101,Standard Selling SAR,3.53,SAR,1,,0,قطب كرت نيو مارك,,
64f4540c58,400101,Standard Buying,1.67,SAR,0,Nos,1,قطب كرت نيو مارك,,
b12bf90730,40061,Standard Buying,2.33,SAR,0,Nos,1,40061,,
dae826edde,401184,Standard Buying,8.0,SAR,0,Nos,1,401184,,
0970150ada,40313,Standard Buying,25.0,SAR,0,Nos,1,40313,,
ff38109070,40358,Standard Selling SAR,4.65,SAR,1,,0,اقلام ديموند 9244,,
bc626bcab4,40358,Standard Buying,1.01,SAR,0,Nos,1,اقلام ديموند 9244,,
9d3b3d5e2a,40390,Standard Buying,10.0,SAR,0,Nos,1,40390,,
e8f62c524b,40400,Standard Buying,0.83,SAR,0,Nos,1,40400,,
9cde235cfc,40421,Standard Buying,35.0,SAR,0,Nos,1,40421,,
6a8be655ca,40831,Standard Buying,18.0,SAR,0,Nos,1,40831,,
d58080ddea,4091,Standard Buying,1.5,SAR,0,Nos,1,4091,,
5ba4b0e6e8,4114,Standard Buying,25.0,SAR,0,Nos,1,4114,,
b48f9942a6,4119,Standard Selling SAR,1.10,SAR,1,,0,اسفنج مائي,,
3c9edec71e,4119,Standard Buying,0.71,SAR,0,Nos,1,اسفنج مائي,,
01fbf6d933,41278,Standard Buying,18.0,SAR,0,Nos,1,41278,,
931ddc6042,41414,Standard Buying,60.0,SAR,0,Nos,1,41414,,
1abefeee84,41414,Standard Selling SAR,3.53,SAR,1,,0,قطب كرز,,
f8e33cf679,41414,Standard Buying,1.08,SAR,0,Nos,1,قطب كرز,,
8656e82fa5,41451,Standard Buying,1.38,SAR,0,Nos,1,41451,,
45080fa37d,41456,Standard Buying,10.0,SAR,0,Nos,1,41456,,
b550458086,43213,Standard Buying,12.0,SAR,0,Nos,1,43213,,
d65f6eb2d0,43558,Standard Selling SAR,32.00,SAR,1,,0,لمعه جسم فازلين,,
b524899246,43558,Standard Buying,25.0,SAR,0,Nos,1,لمعه جسم فازلين,,
9fffc20103,43788,Standard Buying,4.16,SAR,0,Nos,1,43788,,
2b87b58203,43825,Standard Buying,2.08,SAR,0,Nos,1,43825,,
a96239f507,43863,Standard Buying,1.38,SAR,0,Nos,1,43863,,
b325bec614,43930,Standard Buying,2.08,SAR,0,Nos,1,43930,,
9c15632669,44277,Standard Buying,1.17,SAR,0,Nos,1,44277,,
cefd8f33fd,447447,Standard Selling SAR,2.35,SAR,1,,0,كلبس كرز,,
a052bdd44b,447447,Standard Buying,1.58,SAR,0,Nos,1,كلبس كرز,,
4cc34b1507,45617,Standard Buying,20.5,SAR,0,Nos,1,45617,,
3cc12f2f1f,46122,Standard Buying,90.0,SAR,0,Nos,1,46122,,
7ac6d701df,46134,Standard Selling SAR,2.35,SAR,1,,0,اقلام كحل عريض ابيض+ازرق,,
5a400e01b0,46134,Standard Buying,0.92,SAR,0,Nos,1,اقلام كحل عريض ابيض+ازرق,,
742213e872,4646,Standard Buying,22.0,SAR,0,Nos,1,4646,,
6c6f230dd1,4653,Standard Buying,28.0,SAR,0,Nos,1,4653,,
05c9b404b9,4705,Standard Buying,8.45,SAR,0,Nos,1,4705,,
2123515c45,4747,Standard Buying,22.0,SAR,0,Nos,1,4747,,
b9d787f49a,47535,Standard Buying,2.08,SAR,0,Nos,1,47535,,
e00b26d6d2,478021,Standard Buying,6.43,SAR,0,Nos,1,478021,,
0ef295c8bf,4848,Standard Buying,8.5,SAR,0,Nos,1,4848,,
c1e85443c5,48538,Standard Buying,18.0,SAR,0,Nos,1,48538,,
9aff8402d8,49280,Standard Buying,2.75,SAR,0,Nos,1,49280,,
3e9c6ad33c,4949,Standard Buying,4.5,SAR,0,Nos,1,4949,,
c793317bcf,500081,Standard Buying,7.5,SAR,0,Nos,1,500081,,
e493f96dcf,500142,Standard Buying,10.43,SAR,0,Nos,1,500142,,
c2da1607e7,5009695,Standard Buying,4.05,SAR,0,Nos,1,5009695,,
d383b024b7,501316,Standard Buying,7.5,SAR,0,Nos,1,501316,,
18e331c80e,501323,Standard Buying,4.29,SAR,0,Nos,1,501323,,
c08effbc9f,501330,Standard Buying,4.29,SAR,0,Nos,1,501330,,
84ae7176b9,501446,Standard Buying,4.29,SAR,0,Nos,1,501446,,
cd8aa2a3c9,501989,Standard Buying,12.39,SAR,0,Nos,1,501989,,
be4dd717d4,502689,Standard Buying,15.46,SAR,0,Nos,1,502689,,
a61cda6d10,503211,Standard Buying,10.43,SAR,0,Nos,1,503211,,
085de63dae,504218,Standard Buying,10.43,SAR,0,Nos,1,504218,,
d90caee51b,5044,Standard Buying,0.7,SAR,0,Nos,1,5044,,
ba3988cf76,5050,Standard Buying,6.0,SAR,0,Nos,1,5050,,
d15b875921,505215,Standard Buying,10.43,SAR,0,Nos,1,505215,,
51b2a732c6,505413,Standard Buying,10.43,SAR,0,Nos,1,505413,,
7092c21bd6,505512,Standard Buying,10.43,SAR,0,Nos,1,505512,,
fc1b873ef5,505710,Standard Buying,10.43,SAR,0,Nos,1,505710,,
a881c29cc0,5058,Standard Buying,1.0,SAR,0,Nos,1,5058,,
f68673ef34,51062,Standard Buying,1.5,SAR,0,Nos,1,51062,,
a30c9656c0,51147,Standard Buying,10.08,SAR,0,Nos,1,51147,,
a244fe2ab0,5115,Standard Buying,21.0,SAR,0,Nos,1,5115,,
bf8b1d2e82,51222,Standard Buying,10.08,SAR,0,Nos,1,51222,,
8cfba9777d,51260,Standard Buying,10.86,SAR,0,Nos,1,51260,,
662120782c,51392,Standard Buying,96.0,SAR,0,Nos,1,51392,,
97f6ddc951,51415,Standard Buying,80.0,SAR,0,Nos,1,51415,,
99e921c007,5151,Standard Buying,6.0,SAR,0,Nos,1,5151,,
6a11c47dda,51515,Standard Buying,60.0,SAR,0,Nos,1,51515,,
ff536a0395,51515,Standard Buying,4.17,SAR,0,Nos,1,51515,,
9417c324ef,51574,Standard Buying,13.29,SAR,0,Nos,1,51574,,
ec724c59a1,51611,Standard Buying,10.86,SAR,0,Nos,1,51611,,
7fc6be4458,51712,Standard Buying,2.91,SAR,0,Nos,1,51712,,
46d2ce813b,5252,Standard Buying,1.42,SAR,0,Nos,1,5252,,
2fc9264ed4,52664,Standard Selling SAR,8.20,SAR,1,,0,اساور فرفشة,,
240355fe0b,52664,Standard Buying,3.33,SAR,0,Nos,1,اساور فرفشة,,
a0a67e68c4,52665,Standard Selling SAR,8.20,SAR,1,,0,اساور فرفشة منوعين,,
d0910fbe2f,52665,Standard Buying,4.0,SAR,0,Nos,1,اساور فرفشة منوعين,,
0c772175a7,53191,Standard Selling SAR,8.20,SAR,1,,0,قطب طقم حلق مدور ملون,,
87c9ec78ad,53191,Standard Buying,5.0,SAR,0,Nos,1,قطب طقم حلق مدور ملون,,
0b74d15b4c,5353,Standard Buying,1.5,SAR,0,Nos,1,5353,,
b0d6668aed,54094,Standard Buying,24.0,SAR,0,Nos,1,54094,,
0285d622f1,54168,Standard Selling SAR,10.58,SAR,1,,0,مصحح حواجب نوت+ برافو ليدي,,
9e7b08130a,54168,Standard Buying,6.5,SAR,0,Nos,1,مصحح حواجب نوت+ برافو ليدي,,
6a9250e19e,5454,Standard Buying,1.67,SAR,0,Nos,1,5454,,
854ccad074,55045,Standard Buying,0.75,SAR,0,Nos,1,55045,,
9d63fb25be,552869,Standard Buying,2.3,SAR,0,Nos,1,552869,,
00036a8e89,55421,Standard Buying,0.36,SAR,0,Nos,1,55421,,
d35823c24e,5555,Standard Buying,1.25,SAR,0,Nos,1,5555,,
e8f0b28f54,5568,Standard Buying,1.25,SAR,0,Nos,1,5568,,
8035bc7afb,55794,Standard Selling SAR,10.00,SAR,1,,0,طقم سلوس فراشة,,
3de54b4e8b,55794,Standard Buying,3.5,SAR,0,Nos,1,طقم سلوس فراشة,,
edf64d617e,5581,Standard Selling SAR,10.00,SAR,1,,0,طقم بناتي قلب,,
8fc120a658,5581,Standard Buying,3.0,SAR,0,Nos,1,طقم بناتي قلب,,
c6517c7560,56109,Standard Buying,34.0,SAR,0,Nos,1,56109,,
03195f957e,56210,Standard Buying,2.08,SAR,0,Nos,1,56210,,
e44f139d5b,56213,Standard Buying,2.08,SAR,0,Nos,1,56213,,
8fc918ea89,5656,Standard Buying,2.75,SAR,0,Nos,1,5656,,
b4ac336def,56649,Standard Buying,1.25,SAR,0,Nos,1,56649,,
45490b06a1,56787,Standard Buying,175.0,SAR,0,Nos,1,56787,,
1de1d8ef71,57370,Standard Buying,2.67,SAR,0,Nos,1,57370,,
d8495230c4,57374,Standard Buying,9.21,SAR,0,Nos,1,57374,,
9fe85194d9,5757,Standard Buying,3.0,SAR,0,Nos,1,5757,,
7325f604d4,5762,Standard Selling SAR,10.00,SAR,1,,0,اساور فان كليف,,
de6aa1ff08,5762,Standard Buying,5.5,SAR,0,Nos,1,اساور فان كليف,,
135f5e6eca,5786,Standard Buying,0.5,SAR,0,Nos,1,5786,,
8092bcb107,5801,Standard Buying,0.5,SAR,0,Nos,1,5801,,
6f6f9d3c96,58174,Standard Buying,9.0,SAR,0,Nos,1,58174,,
18fafa12c0,58439,Standard Buying,6.0,SAR,0,Nos,1,58439,,
b7826d53ff,5858,Standard Buying,3.5,SAR,0,Nos,1,5858,,
27578c7b34,5897,Standard Buying,13.5,SAR,0,Nos,1,5897,,
d8b2d90647,5959,Standard Buying,2.5,SAR,0,Nos,1,5959,,
8c82114e6e,59684,Standard Buying,15.0,SAR,0,Nos,1,59684,,
92c6f039d6,603132,Standard Buying,2.5,SAR,0,Nos,1,603132,,
64f399b175,6060,Standard Buying,3.5,SAR,0,Nos,1,6060,,
2565a65b0c,6116,Standard Buying,15.0,SAR,0,Nos,1,6116,,
6f0a352084,61172,Standard Buying,40.0,SAR,0,Nos,1,61172,,
36106a2440,6145,Standard Selling SAR,7.06,SAR,1,,0,سلوس بناتي كرزه,,
8d0dc7a668,6145,Standard Buying,2.75,SAR,0,Nos,1,سلوس بناتي كرزه,,
11f2d37b5e,6151,Standard Buying,8.38,SAR,0,Nos,1,6151,,
7b0fd6c9fe,61616,Standard Buying,5.0,SAR,0,Nos,1,61616,,
fd0aa8643f,61616,Standard Buying,2.5,SAR,0,Nos,1,61616,,
041c667320,61839,Standard Buying,4.16,SAR,0,Nos,1,61839,,
d4ab7d7c87,6265,Standard Buying,35.0,SAR,0,Nos,1,6265,,
799a2cd38e,62662,Standard Selling SAR,2.35,SAR,1,,0,ابيام فيونكة مع المراطق,,
3a0dda1033,62662,Standard Buying,1.5,SAR,0,Nos,1,ابيام فيونكة مع المراطق,,
9d3ed3abc9,62898,Standard Buying,175.0,SAR,0,Nos,1,62898,,
0c56b6bc86,63122,Standard Selling SAR,10.59,SAR,1,,0,فرشم مكياج بيوتي,بيوتي,
37c35c66bf,63122,Standard Buying,6.5,SAR,0,Nos,1,فرشم مكياج بيوتي,بيوتي,
ad017770a1,63531,Standard Selling SAR,2.35,SAR,1,,0,كلبس كرز  2,,
6ba2b4cf3a,63531,Standard Buying,1.67,SAR,0,Nos,1,كلبس كرز  2,,
9bc0dec31e,6377,Standard Buying,15.0,SAR,0,Nos,1,6377,,
7c6db18a74,6386,Standard Buying,20.0,SAR,0,Nos,1,6386,,
ef1a6fd4c3,6400,Standard Buying,25.0,SAR,0,Nos,1,6400,,
323629d168,6432,Standard Buying,35.0,SAR,0,Nos,1,6432,,
138f59c95b,6437,Standard Buying,50.0,SAR,0,Nos,1,6437,,
7c70149df9,6477,Standard Buying,52.0,SAR,0,Nos,1,6477,,
ba8aa72692,67,Standard Selling SAR,1.00,SAR,1,,0,سلس,,
03715c985b,67122,Standard Buying,8.0,SAR,0,Nos,1,67122,,
1eeb6f09b9,67217,Standard Buying,8.0,SAR,0,Nos,1,67217,,
b2b1937dd3,67224,Standard Buying,8.0,SAR,0,Nos,1,67224,,
926268a49c,6767,Standard Selling SAR,0.00,SAR,1,,0,باكت مسكرة رومنتك جديد,رومنتك,
b93ff728c4,6767,Standard Buying,2.92,SAR,0,Nos,1,باكت مسكرة رومنتك جديد,رومنتك,
cfa1044a7b,68160,Standard Buying,55.0,SAR,0,Nos,1,68160,,
a7157bfdd8,6831,Standard Selling SAR,5.88,SAR,1,,0,مورد يارا,,
9c953a5ef0,6831,Standard Buying,3.0,SAR,0,Nos,1,مورد يارا,,
c281a041ec,6868,Standard Selling SAR,0.00,SAR,1,,0,باكت مسكرة سفن دي الأصلي,سفن دي,
177346676d,6868,Standard Buying,2.29,SAR,0,Nos,1,باكت مسكرة سفن دي الأصلي,سفن دي,
f6a9b6b5ba,690442578301,Standard Buying,0.92,SAR,0,Nos,1,690442578301,,
c40d63a12f,694605123971,Standard Buying,0.75,SAR,0,Nos,1,694605123971,,
b73ebcc487,70009,Standard Buying,36.0,SAR,0,Nos,1,70009,,
4da6386746,70016,Standard Buying,36.0,SAR,0,Nos,1,70016,,
55dc33bb14,7079,Standard Buying,0.75,SAR,0,Nos,1,7079,,
d87616c0bf,708,Standard Selling SAR,3.50,SAR,1,,0,سلوس 1,,
949e06d593,7117,Standard Buying,60.0,SAR,0,Nos,1,7117,,
5d8c2e8108,71425,Standard Buying,2.02,SAR,0,Nos,1,71425,,
bfe6a261cf,71717,Standard Buying,5.4,SAR,0,Nos,1,71717,,
9f8efa2d50,71717,Standard Buying,3.0,SAR,0,Nos,1,71717,,
53b3eb0d48,72,Standard Selling SAR,1.00,SAR,1,,0,وهمي,,
802aa6b381,7210,Standard Buying,46.0,SAR,0,Nos,1,7210,,
04b24ebda9,721496,Standard Buying,16.0,SAR,0,Nos,1,721496,,
e12962c8be,721497,Standard Buying,12.0,SAR,0,Nos,1,721497,,
b37697b0eb,721501,Standard Buying,16.0,SAR,0,Nos,1,721501,,
df449dfe57,721502,Standard Buying,10.0,SAR,0,Nos,1,721502,,
7faeec863d,721587,Standard Buying,11.7,SAR,0,Nos,1,721587,,
d6f3d5936b,721588,Standard Buying,11.7,SAR,0,Nos,1,721588,,
edae8b5185,721589,Standard Buying,10.0,SAR,0,Nos,1,721589,,
42b6657563,721592,Standard Buying,11.7,SAR,0,Nos,1,721592,,
c943be19ad,740404,Standard Buying,8.0,SAR,0,Nos,1,740404,,
5baf6004be,741442,Standard Buying,12.0,SAR,0,Nos,1,741442,,
f88eeb9087,741489,Standard Buying,8.0,SAR,0,Nos,1,741489,,
8201ca2985,741501,Standard Buying,12.0,SAR,0,Nos,1,741501,,
a695f80605,741975,Standard Buying,12.0,SAR,0,Nos,1,741975,,
99b158b447,741983,Standard Buying,10.0,SAR,0,Nos,1,741983,,
a5662f2c3f,742024,Standard Buying,12.0,SAR,0,Nos,1,742024,,
6e5d0449da,742028,Standard Buying,12.0,SAR,0,Nos,1,742028,,
a2d4a6c658,742226,Standard Buying,12.0,SAR,0,Nos,1,742226,,
e9986147ed,742579,Standard Buying,10.0,SAR,0,Nos,1,742579,,
22380cee25,742786,Standard Buying,10.0,SAR,0,Nos,1,742786,,
088f395535,742851,Standard Buying,12.0,SAR,0,Nos,1,742851,,
a50178e3ed,742896,Standard Buying,12.0,SAR,0,Nos,1,742896,,
e828ccee01,742904,Standard Buying,12.0,SAR,0,Nos,1,742904,,
faaa4f7ae0,742954,Standard Buying,12.0,SAR,0,Nos,1,742954,,
9fc9e298b2,743066,Standard Buying,12.0,SAR,0,Nos,1,743066,,
75ccf6351d,743070,Standard Buying,12.0,SAR,0,Nos,1,743070,,
f03f8a83a1,743489,Standard Buying,12.0,SAR,0,Nos,1,743489,,
ae49cdefcf,743565,Standard Buying,12.0,SAR,0,Nos,1,743565,,
8bf2227c58,743600,Standard Buying,12.0,SAR,0,Nos,1,743600,,
ceb9277265,743606,Standard Buying,12.0,SAR,0,Nos,1,743606,,
4b11e9db7b,743622,Standard Buying,12.0,SAR,0,Nos,1,743622,,
7f860649fe,744107,Standard Buying,12.0,SAR,0,Nos,1,744107,,
3bc3a75d25,750710,Standard Buying,48.0,SAR,0,Nos,1,750710,,
d9d654f809,750711,Standard Buying,48.0,SAR,0,Nos,1,750711,,
e277102168,750712,Standard Buying,24.0,SAR,0,Nos,1,750712,,
a8cceff427,750713,Standard Buying,160.0,SAR,0,Nos,1,750713,,
645f2bf406,750714,Standard Buying,24.0,SAR,0,Nos,1,750714,,
2683c50e6a,77092,Standard Buying,57.0,SAR,0,Nos,1,77092,,
40963eb78a,77454,Standard Selling SAR,2.35,SAR,1,,0,اقلام كحل اسود طلعة,,
54798a9388,77454,Standard Buying,0.75,SAR,0,Nos,1,اقلام كحل اسود طلعة,,
715f534c65,78236,Standard Buying,6.43,SAR,0,Nos,1,78236,,
c673d22fbc,78252,Standard Buying,4.16,SAR,0,Nos,1,78252,,
9f60a32c32,78813,Standard Buying,1.83,SAR,0,Nos,1,78813,,
7a0981caaf,790778,Standard Buying,1.39,SAR,0,Nos,1,790778,,
ef257cd405,790794,Standard Buying,9.46,SAR,0,Nos,1,790794,,
a3b83232d6,790800,Standard Buying,320.0,SAR,0,Nos,1,790800,,
99cecf7f4e,791052,Standard Buying,1.04,SAR,0,Nos,1,791052,,
6cf460ea84,791067,Standard Buying,4.06,SAR,0,Nos,1,791067,,
772f1aa2f9,791097,Standard Buying,4.48,SAR,0,Nos,1,791097,,
06b7023d77,80088,Standard Buying,2.24,SAR,0,Nos,1,80088,,
54072ac98f,809129,Standard Buying,23.0,SAR,0,Nos,1,809129,,
9cf478fe46,8118,Standard Buying,80.0,SAR,0,Nos,1,8118,,
4d064f0940,81818,Standard Buying,2.1,SAR,0,Nos,1,81818,,
efdf69cb50,81818,Standard Buying,1.92,SAR,0,Nos,1,81818,,
6933567c3b,81947,Standard Buying,13.0,SAR,0,Nos,1,81947,,
2058f70cd8,82518,Standard Buying,4.16,SAR,0,Nos,1,82518,,
e2970dcf3d,83232,Standard Buying,22.5,SAR,0,Nos,1,83232,,
c31da16ecd,83919,Standard Buying,1.35,SAR,0,Nos,1,83919,,
c4a9798369,8407,Standard Buying,7.26,SAR,0,Nos,1,8407,,
743ebf6e09,84072,Standard Buying,6.12,SAR,0,Nos,1,84072,,
ccb28d574e,84128,Standard Selling SAR,5.80,SAR,1,,0,مصحح حواجب أبو جهة,,
b51f4ec926,84128,Standard Buying,21.0,SAR,0,Nos,1,مصحح حواجب أبو جهة,,
f03a2eb15c,84535,Standard Buying,50.0,SAR,0,Nos,1,84535,,
316c76ff1e,84810,Standard Buying,8.66,SAR,0,Nos,1,84810,,
323e978664,850038,Standard Buying,6.25,SAR,0,Nos,1,850038,,
51563fe22f,85476,Standard Buying,110.0,SAR,0,Nos,1,85476,,
58102af480,8555,Standard Buying,1.25,SAR,0,Nos,1,8555,,
5b94af4dc8,86886,Standard Selling SAR,10.59,SAR,1,,0,سلوس بناتي,,
9453e17170,86886,Standard Buying,5.0,SAR,0,Nos,1,سلوس بناتي,,
8704aacc30,87230,Standard Buying,33.0,SAR,0,Nos,1,87230,,
a3ab633462,87307,Standard Buying,162.0,SAR,0,Nos,1,87307,,
2151e52c0a,87621,Standard Buying,4.06,SAR,0,Nos,1,87621,,
e6ddcf0f2a,88015,Standard Buying,1.35,SAR,0,Nos,1,88015,,
fcdd248dd7,88128,Standard Buying,1.38,SAR,0,Nos,1,88128,,
cc8969e98e,88289,Standard Buying,1.38,SAR,0,Nos,1,88289,,
998015db30,88422,Standard Buying,1.38,SAR,0,Nos,1,88422,,
2b01948ba5,90311,Standard Buying,35.0,SAR,0,Nos,1,90311,,
c92d713e14,90356,Standard Buying,2.83,SAR,0,Nos,1,90356,,
3d440accd8,90670,Standard Buying,42.0,SAR,0,Nos,1,90670,,
3724d23ae9,90715,Standard Buying,60.0,SAR,0,Nos,1,90715,,
baad66f6bb,90784,Standard Buying,30.0,SAR,0,Nos,1,90784,,
35b9e0866a,91000,Standard Buying,28.0,SAR,0,Nos,1,91000,,
9c34e3cb85,9119,Standard Buying,22.0,SAR,0,Nos,1,9119,,
fe178a2113,91230,Standard Buying,6.5,SAR,0,Nos,1,91230,,
d40c6cd593,91877,Standard Selling SAR,4.65,SAR,1,,0,روج سائل 2113,,
f09e0171e4,91877,Standard Buying,1.67,SAR,0,Nos,1,روج سائل 2113,,
9fe487dc5f,91919,Standard Buying,9.12,SAR,0,Nos,1,91919,,
c77d214bae,9281,Standard Buying,5.4,SAR,0,Nos,1,9281,,
053ceded90,93583,Standard Buying,30.0,SAR,0,Nos,1,93583,,
37359279e1,93831,Standard Buying,38.0,SAR,0,Nos,1,93831,,
3525758b1f,94026,Standard Buying,35.0,SAR,0,Nos,1,94026,,
37b7827a5a,94138,Standard Buying,8.0,SAR,0,Nos,1,94138,,
898e068b99,950777999799,Standard Buying,2.5,SAR,0,Nos,1,950777999799,,
623d97c54f,95214,Standard Buying,36.0,SAR,0,Nos,1,95214,,
cf2417bb15,95776,Standard Buying,2.75,SAR,0,Nos,1,95776,,
532752fffa,96161,Standard Buying,130.0,SAR,0,Nos,1,96161,,
6b11d02ebc,96565,Standard Selling SAR,4.65,SAR,1,,0,جلوس جف جيرل 2093,,
9ae6967808,96565,Standard Buying,2.0,SAR,0,Nos,1,جلوس جف جيرل 2093,,
a94c9ee9fe,97180,Standard Buying,45.0,SAR,0,Nos,1,97180,,
887669d18d,97388,Standard Selling SAR,70.00,SAR,1,,0,كريم سرافي 454ملي,,
c5ef2877dc,97388,Standard Buying,60.0,SAR,0,Nos,1,كريم سرافي 454ملي,,
67fb49371c,9801,Standard Buying,1.35,SAR,0,Nos,1,9801,,
a9cd8c2d16,9997991,Standard Buying,1.5,SAR,0,Nos,1,9997991,,
f5afd1dd75,AS-3215,Standard Buying,1.5,SAR,0,Nos,1,AS-3215,,
058af35ec4,AS-4520-2,Standard Buying,4.5,SAR,0,Nos,1,AS-4520-2,,
7236a0d7f0,AS-4932,Standard Buying,2.92,SAR,0,Nos,1,AS-4932,,
4dfa3081a3,AS-5046,Standard Buying,5.5,SAR,0,Nos,1,AS-5046,,
8982514bc2,AS-513513,Standard Buying,7.0,SAR,0,Nos,1,AS-513513,,
1e0a94b8ae,AS-5348,Standard Buying,2.67,SAR,0,Nos,1,AS-5348,,
a88e8d5a74,AS-5349,Standard Buying,1.6,SAR,0,Nos,1,AS-5349,,
3496f4e998,AS-552552,Standard Selling SAR,5.85,SAR,1,,0,كواسر كبير,,
c46464b826,AS-552552,Standard Buying,3.33,SAR,0,Nos,1,كواسر كبير,,
74c9a3e9ff,AS-554554,Standard Selling SAR,4.70,SAR,1,,0,ابيام فراشات,,
ce19069744,AS-554554,Standard Buying,1.5,SAR,0,Nos,1,ابيام فراشات,,
7bfbcd7759,AS-5654,Standard Buying,2.08,SAR,0,Nos,1,AS-5654,,
fc8a0f9556,B22939,Standard Buying,46.0,SAR,0,Nos,1,B22939,,
9bf2e7552e,B292217,Standard Buying,46.0,SAR,0,Nos,1,B292217,,
9668db9d27,B2935,Standard Buying,46.0,SAR,0,Nos,1,B2935,,
b6087d981a,B293583,Standard Buying,46.0,SAR,0,Nos,1,B293583,,
8837a21619,B293602,Standard Buying,46.0,SAR,0,Nos,1,B293602,,
c83ff83267,B29364,Standard Buying,46.0,SAR,0,Nos,1,B29364,,
71a2dfe2e2,B293653,Standard Buying,46.0,SAR,0,Nos,1,B293653,,
c052c50579,B2937,Standard Buying,46.0,SAR,0,Nos,1,B2937,,
f0005e43d7,B29371,Standard Buying,46.0,SAR,0,Nos,1,B29371,,
7f375484c8,B2939,Standard Buying,40.25,SAR,0,Nos,1,B2939,,
04f9bb5e1a,B29390,Standard Buying,40.25,SAR,0,Nos,1,B29390,,
be59374975,B29398,Standard Buying,46.0,SAR,0,Nos,1,B29398,,
b14e02b941,BHS546,Standard Selling SAR,1.00,SAR,1,,0,سلس مع الحلق,,
ad3695f615,COMM,Standard Selling SAR,1.00,SAR,1,,0,Communication,,
fa2ec47951,EXP_GEN,Standard Selling SAR,1.00,SAR,1,,0,Expenses,,
12d1ea6b7a,FOOD,Standard Selling SAR,1.00,SAR,1,,0,Meals,,
557a197b22,GIFT,Standard Selling SAR,1.00,SAR,1,,0,Gifts,,
6a88ea25f1,MIL,Standard Selling SAR,1.00,SAR,1,,0,Mileage,,
bcb00a66d2,MIL,Standard Buying,1.0,SAR,0,Nos,1,Mileage,,
84394d8718,PH-272,Standard Buying,1.67,SAR,0,Nos,1,PH-272,,
83a97bf3d9,S160005,Standard Buying,15.33,SAR,0,Nos,1,S160005,,
2a53f29e63,S160008,Standard Buying,15.33,SAR,0,Nos,1,S160008,,
316ed07a13,S160016,Standard Buying,15.33,SAR,0,Nos,1,S160016,,
3f2df94ccc,S210301,Standard Selling SAR,47.06,SAR,1,,0,اسبورات نسائيه م36-41 (شد 24),,
a02ea1b582,S210301,Standard Buying,25.08,SAR,0,Nos,1,اسبورات نسائيه م36-41 (شد 24),,
fbc896f398,S210305,Standard Selling SAR,0.00,SAR,1,,0,اسبورات نسائيه م36-41ش24,,
c402b72c01,S210305,Standard Buying,33.54,SAR,0,Nos,1,اسبورات نسائيه م36-41ش24,,
c10018787e,S210307,Standard Selling SAR,50.00,SAR,1,,0,اسبوات نسائيه م36-41ش24,,
7a9eb02348,S210307,Standard Buying,33.54,SAR,0,Nos,1,اسبوات نسائيه م36-41ش24,,
2735846144,S210313,Standard Selling SAR,0.00,SAR,1,,0,سبورات نسائيه م36-41ش24,,
13d8b3b052,S210313,Standard Buying,33.54,SAR,0,Nos,1,سبورات نسائيه م36-41ش24,,
2231812b3d,S210315,Standard Selling SAR,0.00,SAR,1,,0,اسبورات نسائي م 36-41ش24,,
051e8d63e5,S210315,Standard Buying,28.75,SAR,0,Nos,1,اسبورات نسائي م 36-41ش24,,
86517468ab,SQ9235,Standard Selling SAR,3.53,SAR,1,,0,ميداليات دبدوب,,
bfa85e4f41,SQ9235,Standard Buying,2.08,SAR,0,Nos,1,ميداليات دبدوب,,
c89341d11d,TIPS,Standard Selling SAR,1.00,SAR,1,,0,Tips,,
0568e7e986,TRANS & ACC,Standard Selling SAR,1.00,SAR,1,,0,Travel & Accommodation,,
ceb94217be,145145,Standard Selling SAR,9.41,SAR,1,,0,قطب مطلي رملي,,
d3e8e0266e,145145,Standard Buying,3.0,SAR,0,Nos,1,قطب مطلي رملي,,
d6fb3165b9,5286415,Standard Selling SAR,5.70,SAR,1,,0,تيجان كرستال,,
9c274eac1e,5286415,Standard Buying,2.67,SAR,0,Nos,1,تيجان كرستال,,
c687dcc037,5286416,Standard Selling SAR,15.20,SAR,1,,0,تيجان كرستال عرائسي,,
0726943ba5,5286416,Standard Buying,9.0,SAR,0,Nos,1,تيجان كرستال عرائسي,,
d4b56dbab7,6161,Standard Selling SAR,10.00,SAR,1,,0,كفوف مطلي,,
645eda17e0,6161,Standard Buying,7.0,SAR,0,Nos,1,كفوف مطلي,,
33498092cc,6969,Standard Selling SAR,15.20,SAR,1,,0,طقوم مطلي فرفشة,,
a86d948aef,6969,Standard Buying,9.0,SAR,0,Nos,1,طقوم مطلي فرفشة,,
76e3be30b3,7070,Standard Selling SAR,5.88,SAR,1,,0,كماشات كرستال,,
3a3b96e9b1,7070,Standard Buying,2.33,SAR,0,Nos,1,كماشات كرستال,,
21faffc525,AS-221221,Standard Selling SAR,15.20,SAR,1,,0,تيجان متحرك زركون,,
926c03d366,AS-221221,Standard Buying,8.26,SAR,0,Nos,1,تيجان متحرك زركون,,
0b66c7c5c6,12288,Standard Selling SAR,9.41,SAR,1,,0,اظافر كلاسك كلر 5637,كلاسك,
9023d77e7c,12288,Standard Buying,4.5,SAR,0,Nos,1,اظافر كلاسك كلر 5637,كلاسك,
1d02f023de,24576,Standard Selling SAR,18.82,SAR,1,,0,اظافر كلاسك كلر 576,كلاسك,
c41f985e9e,24576,Standard Buying,13.0,SAR,0,Nos,1,اظافر كلاسك كلر 576,كلاسك,
fdb79965e8,250917,Standard Selling SAR,4.65,SAR,1,,0,اظافر صناعي بيوتي 5717,بيوتي,
eef7c0afaa,250917,Standard Buying,2.5,SAR,0,Nos,1,اظافر صناعي بيوتي 5717,بيوتي,
f1af8c7f96,41612,Standard Selling SAR,2.35,SAR,1,,0,اظافر صناعي 5613,,
969c3dfff5,41612,Standard Buying,1.0,SAR,0,Nos,1,اظافر صناعي 5613,,
cdacdaba1f,5640,Standard Selling SAR,4.65,SAR,1,,0,اظافر صناعي علبة سداسي,,
c9e1edbcd4,5640,Standard Buying,2.75,SAR,0,Nos,1,اظافر صناعي علبة سداسي,,
712c9b3d37,6096,Standard Selling SAR,4.65,SAR,1,,0,اظافر شجلام,شجلام,
6eb8d9700a,6096,Standard Buying,2.92,SAR,0,Nos,1,اظافر شجلام,شجلام,
0e43b43d9e,75255,Standard Selling SAR,1.88,SAR,1,,0,غراء اظافر,,
4713a715a2,75255,Standard Buying,1.0,SAR,0,Nos,1,غراء اظافر,,
c1f9dab9e6,575742,Standard Selling SAR,1.10,SAR,1,,0,امصار شعر,,
fa3dec7da6,575742,Standard Buying,0.71,SAR,0,Nos,1,امصار شعر,,
68b648c8e3,155155,Standard Selling SAR,1.88,SAR,1,,0,حبال مائي,,
82fe5ba4ea,155155,Standard Buying,0.83,SAR,0,Nos,1,حبال مائي,,
cba4e8d31b,5245,Standard Selling SAR,1.88,SAR,1,,0,حبال مائي الأصلي,,
c217dc2195,5245,Standard Buying,0.83,SAR,0,Nos,1,حبال مائي الأصلي,,
1ea90824fe,2020,Standard Selling SAR,5.70,SAR,1,,0,خواتم استيل فص ملون,,
c7d85f1d6c,2020,Standard Buying,2.08,SAR,0,Nos,1,خواتم استيل فص ملون,,
9eed5a626b,10554,Standard Selling SAR,15.20,SAR,1,,0,خواتم زركون اصلي2,,
fd945942ec,10554,Standard Buying,5.0,SAR,0,Nos,1,خواتم زركون اصلي2,,
e24a139c28,1342,Standard Selling SAR,10.59,SAR,1,,0,خواتم زركون اصلي1,,
dcc1ed5ffe,1342,Standard Buying,3.33,SAR,0,Nos,1,خواتم زركون اصلي1,,
2cb2515aa8,1919,Standard Selling SAR,10.00,SAR,1,,0,خواتم زركون منوع,,
bc88e58af7,1919,Standard Buying,5.42,SAR,0,Nos,1,خواتم زركون منوع,,
ff7fafac93,2222,Standard Selling SAR,8.20,SAR,1,,0,خواتم أبو فص زركون,,
65ee226dbb,2222,Standard Buying,4.5,SAR,0,Nos,1,خواتم أبو فص زركون,,
d47edce563,255255,Standard Selling SAR,5.88,SAR,1,,0,خواتم بناتي مطلي,,
ce8defcf3c,255255,Standard Buying,2.5,SAR,0,Nos,1,خواتم بناتي مطلي,,
a78ea95347,28228,Standard Selling SAR,7.06,SAR,1,,0,سلوس استيل كرت قصير,,
4a4d5d80df,28228,Standard Buying,2.08,SAR,0,Nos,1,سلوس استيل كرت قصير,,
23ce8780b2,3131,Standard Selling SAR,10.00,SAR,1,,0,سلوس استيل 2 خط,,
1c52eccb4e,3131,Standard Buying,7.0,SAR,0,Nos,1,سلوس استيل 2 خط,,
935762c91b,3232,Standard Selling SAR,10.00,SAR,1,,0,سلوس استيل منوع,,
e68b271b51,3232,Standard Buying,5.5,SAR,0,Nos,1,سلوس استيل منوع,,
d96a5b99b8,3333,Standard Selling SAR,11.65,SAR,1,,0,سلوس استيل جنيهات,,
947d087b8e,3333,Standard Buying,7.0,SAR,0,Nos,1,سلوس استيل جنيهات,,
464f7e10f3,3535,Standard Selling SAR,10.00,SAR,1,,0,سلوس استيل مربع + منوع,,
cb13d6a80a,3535,Standard Buying,6.0,SAR,0,Nos,1,سلوس استيل مربع + منوع,,
59cfb56e95,4141,Standard Selling SAR,15.20,SAR,1,,0,سلوس استيل 3 خط,,
8fee59d573,4141,Standard Buying,7.5,SAR,0,Nos,1,سلوس استيل 3 خط,,
bc3103338a,4242,Standard Selling SAR,11.65,SAR,1,,0,سلوس استيل مع القطب شانل,شانل,
f27680cd24,4242,Standard Buying,6.0,SAR,0,Nos,1,سلوس استيل مع القطب شانل,شانل,
e84a17911f,130130,Standard Selling SAR,25.00,SAR,1,,0,سلوس زركون ريديوم,,
c6ccfa6c6c,130130,Standard Buying,12.0,SAR,0,Nos,1,سلوس زركون ريديوم,,
8585b61da1,B292976,Standard Selling SAR,0.00,SAR,1,,0,شنط اطفال,,
68e8b1c5bc,B292976,Standard Buying,20.7,SAR,0,Nos,1,شنط اطفال,,
6382074401,B293012,Standard Selling SAR,0.00,SAR,1,,0,شنط اطفال,,
d49e78c446,B293012,Standard Buying,20.7,SAR,0,Nos,1,شنط اطفال,,
a51735040d,B293018,Standard Selling SAR,0.00,SAR,1,,0,شنط اطفال,,
65d6d2c731,B293018,Standard Buying,20.7,SAR,0,Nos,1,شنط اطفال,,
3ff8810b85,B293028,Standard Selling SAR,0.00,SAR,1,,0,شنط اطفال,,
99d68adba5,B293028,Standard Buying,20.7,SAR,0,Nos,1,شنط اطفال,,
42f8dbe7f4,B293084,Standard Selling SAR,0.00,SAR,1,,0,شنط اطفال,,
59069a7790,B293084,Standard Buying,20.7,SAR,0,Nos,1,شنط اطفال,,
d7ef46b6a1,B293098,Standard Selling SAR,0.00,SAR,1,,0,شنط اطفال,,
aa08fcc7b6,B293098,Standard Buying,20.7,SAR,0,Nos,1,شنط اطفال,,
61c32a4b0b,B292960,Standard Selling SAR,0.00,SAR,1,,0,شنط بناتي شد 60 حبة,,
677c6b96c1,B292960,Standard Buying,21.28,SAR,0,Nos,1,شنط بناتي شد 60 حبة,,
d53add417f,B292962,Standard Selling SAR,0.00,SAR,1,,0,شنط بناتي شد 60,,
6a23351c27,B292962,Standard Buying,21.28,SAR,0,Nos,1,شنط بناتي شد 60,,
be9f205311,B292968,Standard Selling SAR,0.00,SAR,1,,0,شنط بناتي شد 60 حبه,,
b6a4a2dd27,B292968,Standard Buying,21.28,SAR,0,Nos,1,شنط بناتي شد 60 حبه,,
8c95076160,B292970,Standard Selling SAR,0.00,SAR,1,,0,شنط بناتي شد 60 حبة,,
deae2be684,B292970,Standard Buying,21.28,SAR,0,Nos,1,شنط بناتي شد 60 حبة,,
8bd2b6f928,B292971,Standard Selling SAR,0.00,SAR,1,,0,شنط بناتي شد 60 حبه,,
35fa9d78b8,B292971,Standard Buying,21.28,SAR,0,Nos,1,شنط بناتي شد 60 حبه,,
25da392c61,B292981,Standard Selling SAR,0.00,SAR,1,,0,شنط بناتي شد 60 حبة,,
740955b734,B292981,Standard Buying,21.28,SAR,0,Nos,1,شنط بناتي شد 60 حبة,,
c156596a8b,B292986,Standard Selling SAR,0.00,SAR,1,,0,شنط بناتي شد 60 حبة,,
571c0e666f,B292986,Standard Buying,21.28,SAR,0,Nos,1,شنط بناتي شد 60 حبة,,
44f758f283,B292991,Standard Selling SAR,0.00,SAR,1,,0,شنط بناتي شد 60 حبة,,
0d13f36645,B292991,Standard Buying,21.28,SAR,0,Nos,1,شنط بناتي شد 60 حبة,,
77fb512f15,B293001,Standard Selling SAR,0.00,SAR,1,,0,شنط بناتي شد 60,,
e1ea150de1,B293001,Standard Buying,21.28,SAR,0,Nos,1,شنط بناتي شد 60,,
b7eec00d9a,B293016,Standard Selling SAR,0.00,SAR,1,,0,شنط بناتي شد 60 حبة,,
033dcbc414,B293016,Standard Buying,21.28,SAR,0,Nos,1,شنط بناتي شد 60 حبة,,
f23c485577,B293017,Standard Selling SAR,0.00,SAR,1,,0,شنط بناتي شد 60 حبه,,
4d3375aeb0,B293017,Standard Buying,21.28,SAR,0,Nos,1,شنط بناتي شد 60 حبه,,
e3c4c01e78,B293020,Standard Selling SAR,0.00,SAR,1,,0,شنط بناتي شد 60 حبة,,
0d58088492,B293020,Standard Buying,21.28,SAR,0,Nos,1,شنط بناتي شد 60 حبة,,
e19ec65faa,B293025,Standard Selling SAR,0.00,SAR,1,,0,شنط بناتي شد 60 حبة,,
01f811fe8a,B293025,Standard Buying,21.28,SAR,0,Nos,1,شنط بناتي شد 60 حبة,,
38be9d1762,B293035,Standard Selling SAR,0.00,SAR,1,,0,شنط بناتي شد 60 حبة,,
092d14cbab,B293035,Standard Buying,21.28,SAR,0,Nos,1,شنط بناتي شد 60 حبة,,
b141ffe5b2,B293038,Standard Selling SAR,0.00,SAR,1,,0,شنط بناتي شد 60 حبة,,
474885a7b8,B293038,Standard Buying,21.28,SAR,0,Nos,1,شنط بناتي شد 60 حبة,,
827e280bd6,B293040,Standard Selling SAR,0.00,SAR,1,,0,شنط بناتي شد 60 حبه,,
13a6f98045,B293040,Standard Buying,21.28,SAR,0,Nos,1,شنط بناتي شد 60 حبه,,
2a275cf540,B293044,Standard Selling SAR,0.00,SAR,1,,0,شنط بناتي شد 60 حبه,,
c5be41f40b,B293044,Standard Buying,21.28,SAR,0,Nos,1,شنط بناتي شد 60 حبه,,
7d489f8c4b,B293048,Standard Selling SAR,0.00,SAR,1,,0,شنط بناتي شد 60 حبة,,
9be4fa98ee,B293048,Standard Buying,21.28,SAR,0,Nos,1,شنط بناتي شد 60 حبة,,
25f5d250ef,B293054,Standard Selling SAR,0.00,SAR,1,,0,شنط بناتي شد 60 حبة,,
5c1c8835e2,B293054,Standard Buying,21.28,SAR,0,Nos,1,شنط بناتي شد 60 حبة,,
c17e5fd822,B293058,Standard Selling SAR,0.00,SAR,1,,0,شنط بناتي شد 60 حبة,,
ab401d520f,B293058,Standard Buying,21.28,SAR,0,Nos,1,شنط بناتي شد 60 حبة,,
33e9165b2b,B293061,Standard Selling SAR,0.00,SAR,1,,0,شنط بناتي شد 60 حبة,,
b329e91bc2,B293061,Standard Buying,21.28,SAR,0,Nos,1,شنط بناتي شد 60 حبة,,
0ca566ce94,B293063,Standard Selling SAR,0.00,SAR,1,,0,شنط بناتي شد 60,,
4045e994b0,B293063,Standard Buying,21.28,SAR,0,Nos,1,شنط بناتي شد 60,,
48b728d226,B293064,Standard Selling SAR,0.00,SAR,1,,0,شنط بناتي شد 60,,
88cb10767a,B293064,Standard Buying,21.28,SAR,0,Nos,1,شنط بناتي شد 60,,
5f0501aecd,B293074,Standard Selling SAR,0.00,SAR,1,,0,شنط بناتي شد 60,,
af9e805818,B293074,Standard Buying,21.28,SAR,0,Nos,1,شنط بناتي شد 60,,
c72fe089fd,B293101,Standard Selling SAR,0.00,SAR,1,,0,شنط بناتي شد 60 حبه,,
bd3eec8b19,B293101,Standard Buying,21.28,SAR,0,Nos,1,شنط بناتي شد 60 حبه,,
7d43068930,12335,Standard Selling SAR,10.00,SAR,1,,0,شنط طقم ادوات اظافر,,
30a39483ca,12335,Standard Buying,3.0,SAR,0,Nos,1,شنط طقم ادوات اظافر,,
b07e5dd29b,B292667,Standard Selling SAR,0.00,SAR,1,,0,شنطة نسائية شد 36,,
64afb9d2a9,B292667,Standard Buying,46.0,SAR,0,Nos,1,شنطة نسائية شد 36,,
cf0d1f892e,B292743,Standard Selling SAR,0.00,SAR,1,,0,شنطة نسائية شد 24,,
ac702bcd98,B292743,Standard Buying,46.0,SAR,0,Nos,1,شنطة نسائية شد 24,,
e5ece0cfb2,B292928,Standard Selling SAR,0.00,SAR,1,,0,شنط نسائي,,
29ddebf0c7,B292928,Standard Buying,40.25,SAR,0,Nos,1,شنط نسائي,,
3d24f86f9e,B293397,Standard Selling SAR,0.00,SAR,1,,0,شنط نسائي,,
c6e2d00b2e,B293397,Standard Buying,46.0,SAR,0,Nos,1,شنط نسائي,,
519f9ad329,B293499,Standard Selling SAR,0.00,SAR,1,,0,شنط نسائي,,
c6be15358d,B293499,Standard Buying,40.25,SAR,0,Nos,1,شنط نسائي,,
3accab3e8c,B2935,Standard Selling SAR,0.00,SAR,1,,0,شنطة نسائي,,
5c09f1a793,B2935,Standard Buying,40.25,SAR,0,Nos,1,شنطة نسائي,,
6933f57e3e,B293563,Standard Selling SAR,0.00,SAR,1,,0,شنط نسائي,,
c209533f7f,B293563,Standard Buying,46.0,SAR,0,Nos,1,شنط نسائي,,
bfa5260043,B293595,Standard Selling SAR,0.00,SAR,1,,0,شنط نسائي,,
124290a8a1,B293595,Standard Buying,46.0,SAR,0,Nos,1,شنط نسائي,,
50f223d617,B2936,Standard Selling SAR,0.00,SAR,1,,0,شنط نسائي,,
013d2b8cfe,B2936,Standard Buying,46.0,SAR,0,Nos,1,شنط نسائي,,
66dcdf0a1d,B293600,Standard Selling SAR,0.00,SAR,1,,0,شنط نسائي,,
894f2f41d0,B293600,Standard Buying,46.0,SAR,0,Nos,1,شنط نسائي,,
55317d77ba,B293610,Standard Selling SAR,0.00,SAR,1,,0,شنطة يد نسائي,,
6aee65bf60,B293610,Standard Buying,25.3,SAR,0,Nos,1,شنطة يد نسائي,,
20f4f6a77c,B29362,Standard Selling SAR,0.00,SAR,1,,0,شنط نسائي,,
360bb37863,B29362,Standard Buying,46.0,SAR,0,Nos,1,شنط نسائي,,
6a00715849,B293621,Standard Selling SAR,0.00,SAR,1,,0,شنط نسائي,,
dc7768bf16,B293621,Standard Buying,40.0,SAR,0,Nos,1,شنط نسائي,,
d4075c459a,B293640,Standard Selling SAR,0.00,SAR,1,,0,شنط نسائي,,
c1ce385c5f,B293640,Standard Buying,46.0,SAR,0,Nos,1,شنط نسائي,,
c23a5860ec,B293658,Standard Selling SAR,0.00,SAR,1,,0,شنطة يد نسائي,,
a5320658a7,B293658,Standard Buying,46.0,SAR,0,Nos,1,شنطة يد نسائي,,
e810c8e67c,B293663,Standard Selling SAR,0.00,SAR,1,,0,شنط نسائي,,
2a9832ef2a,B293663,Standard Buying,46.0,SAR,0,Nos,1,شنط نسائي,,
949740f436,B29371790,Standard Selling SAR,0.00,SAR,1,,0,شنطة  نسائي,,
2dc404a3fa,B29371790,Standard Buying,70.0,SAR,0,Nos,1,شنطة  نسائي,,
5b80652f2c,B298080,Standard Selling SAR,0.00,SAR,1,,0,شنطة نسائية,,
54febe6474,B298080,Standard Buying,46.0,SAR,0,Nos,1,شنطة نسائية,,
961ec28d2c,737,Standard Selling SAR,1.00,SAR,1,,0,شنط يد نسائي,,
679c8ccbb0,B293357,Standard Selling SAR,0.00,SAR,1,,0,شنط يد نسائي,,
6c5114f724,B293357,Standard Buying,46.0,SAR,0,Nos,1,شنط يد نسائي,,
b23ab7f6e8,B293477,Standard Selling SAR,0.00,SAR,1,,0,شنط يد نسائي,,
d737a93b3f,B293477,Standard Buying,46.0,SAR,0,Nos,1,شنط يد نسائي,,
9de3da6dcc,B2939,Standard Selling SAR,0.00,SAR,1,,0,شنط يد نسائي,,
7f375484c8,B2939,Standard Buying,40.25,SAR,0,Nos,1,شنط يد نسائي,,
9de3da6dcc,B2939,Standard Selling SAR,0.00,SAR,1,,0,شنط يد نسائي,,
7f375484c8,B2939,Standard Buying,40.25,SAR,0,Nos,1,شنط يد نسائي,,
9de3da6dcc,B2939,Standard Selling SAR,0.00,SAR,1,,0,شنط يد نسائي,,
7f375484c8,B2939,Standard Buying,40.25,SAR,0,Nos,1,شنط يد نسائي,,
9de3da6dcc,B2939,Standard Selling SAR,0.00,SAR,1,,0,شنط يد نسائي,,
68de71128d,B2939,Standard Buying,34.5,SAR,0,Nos,1,شنط يد نسائي,,
9de3da6dcc,B2939,Standard Selling SAR,0.00,SAR,1,,0,شنط يد نسائي,,
7f375484c8,B2939,Standard Buying,40.25,SAR,0,Nos,1,شنط يد نسائي,,
9de3da6dcc,B2939,Standard Selling SAR,0.00,SAR,1,,0,شنط يد نسائي,,
7f375484c8,B2939,Standard Buying,40.25,SAR,0,Nos,1,شنط يد نسائي,,
3dbef39f64,B293913,Standard Selling SAR,0.00,SAR,1,,0,شنط يد نسائي,,
4d620d134b,B293913,Standard Buying,40.25,SAR,0,Nos,1,شنط يد نسائي,,
88ba10eb03,B293938,Standard Selling SAR,0.00,SAR,1,,0,شنط يد نسائي,,
d809afca86,B293938,Standard Buying,46.0,SAR,0,Nos,1,شنط يد نسائي,,
3b14f635e2,B29394,Standard Selling SAR,0.00,SAR,1,,0,شنط يد نسائي,,
e42e4925b2,B29394,Standard Buying,40.25,SAR,0,Nos,1,شنط يد نسائي,,
7338a11903,B293983,Standard Selling SAR,0.00,SAR,1,,0,شنط يد نسائي,,
1eaaf6dcab,B293983,Standard Buying,40.25,SAR,0,Nos,1,شنط يد نسائي,,
c50dca1a87,B29399,Standard Selling SAR,0.00,SAR,1,,0,شنط يد نسائي,,
36f70d59b1,B29399,Standard Buying,40.25,SAR,0,Nos,1,شنط يد نسائي,,
8d94fa1fcd,B293990,Standard Selling SAR,0.00,SAR,1,,0,شنط يد نسائي,,
29813f85fe,B293990,Standard Buying,40.25,SAR,0,Nos,1,شنط يد نسائي,,
c415ee292e,B298160,Standard Selling SAR,0.00,SAR,1,,0,شنط يد نسائي,,
28958fba9a,B298160,Standard Buying,46.0,SAR,0,Nos,1,شنط يد نسائي,,
7ca3d2ab4d,S110825,Standard Selling SAR,23.53,SAR,1,,0,صندل نسائي مقاس 36-41 (شد 24),,
299e66b809,S110825,Standard Buying,17.42,SAR,0,Nos,1,صندل نسائي مقاس 36-41 (شد 24),,
d053e91d86,S110828,Standard Selling SAR,23.53,SAR,1,,0,صندل نسائي مقاس 36-41 (شد 24),,
ecafc140ba,S110828,Standard Buying,17.42,SAR,0,Nos,1,صندل نسائي مقاس 36-41 (شد 24),,
62d264ea6c,S160011,Standard Selling SAR,23.53,SAR,1,,0,صندل نسائي م36-41 (شد 24),,
1a1b2135fa,S160011,Standard Buying,17.42,SAR,0,Nos,1,صندل نسائي م36-41 (شد 24),,
da7607accd,S160014,Standard Selling SAR,0.00,SAR,1,,0,صندل نسائي م36-41ش24,,
571685eee8,S160014,Standard Buying,15.33,SAR,0,Nos,1,صندل نسائي م36-41ش24,,
71cd9addfc,S160018,Standard Selling SAR,0.00,SAR,1,,0,صندل نسائي م36-41ش24,,
8c4ed6b148,S160018,Standard Buying,15.33,SAR,0,Nos,1,صندل نسائي م36-41ش24,,
156a9c152a,S160019,Standard Selling SAR,23.53,SAR,1,,0,صندل نسائي م36-41 (شد 24),,
89bfd851c7,S160019,Standard Buying,17.42,SAR,0,Nos,1,صندل نسائي م36-41 (شد 24),,
f537fff387,S210212,Standard Selling SAR,23.53,SAR,1,,0,صندل نسائي مقاس 36-41 (شد 24),,
a9a08d498d,S210212,Standard Buying,17.42,SAR,0,Nos,1,صندل نسائي مقاس 36-41 (شد 24),,
4ba8f58867,S210216,Standard Selling SAR,23.53,SAR,1,,0,صندل نسائي مقاس 36-41 (شد 24),,
c36f0e81b4,S210216,Standard Buying,21.25,SAR,0,Nos,1,صندل نسائي مقاس 36-41 (شد 24),,
d2e1e92d12,113370,Standard Selling SAR,0.00,SAR,1,,0,طقم اطواق 10 موديل 5/8,,
7ba1a74980,113370,Standard Buying,3.83,SAR,0,Nos,1,طقم اطواق 10 موديل 5/8,,
1b8a628114,161809,Standard Selling SAR,0.00,SAR,1,,0,طقم اطواق مع الكلبس عدد الاشكال 10 4/5,,
c7154e0ed4,161809,Standard Buying,3.83,SAR,0,Nos,1,طقم اطواق مع الكلبس عدد الاشكال 10 4/5,,
ecbb0e12c0,121212,Standard Selling SAR,25.20,SAR,1,,0,طقوم استيل مربع,,
f08d0f2ee9,121212,Standard Buying,12.0,SAR,0,Nos,1,طقوم استيل مربع,,
c7491c899f,31313,Standard Selling SAR,10.00,SAR,1,,0,طقوم استيل خفيف منوع,,
48ef4c48f0,31313,Standard Buying,3.0,SAR,0,Nos,1,طقوم استيل خفيف منوع,,
6240e61d8d,4343,Standard Selling SAR,25.00,SAR,1,,0,طقوم استيل فايتي كليف,فايتي,
d1800149d7,4343,Standard Buying,20.0,SAR,0,Nos,1,طقوم استيل فايتي كليف,فايتي,
790b508adc,4444,Standard Selling SAR,15.20,SAR,1,,0,طقوم استيل مربع,,
2b8a3e5971,4444,Standard Buying,8.0,SAR,0,Nos,1,طقوم استيل مربع,,
6822a9cc95,4545,Standard Selling SAR,20.00,SAR,1,,0,طقوم استيل شكل ورقة,,
b675625877,4545,Standard Buying,13.0,SAR,0,Nos,1,طقوم استيل شكل ورقة,,
5d6701ce1c,AS-120120,Standard Selling SAR,10.00,SAR,1,,0,طقوم استيل خناق,,
1b1218a2de,AS-120120,Standard Buying,5.74,SAR,0,Nos,1,طقوم استيل خناق,,
12852418aa,236514789632,Standard Selling SAR,80.00,SAR,1,,0,طقوم زركون راقي,,
ea329abb07,236514789632,Standard Buying,60.5,SAR,0,Nos,1,طقوم زركون راقي,,
9f3d67a106,3939,Standard Selling SAR,30.00,SAR,1,,0,طقوم زركون خناق,,
612f208366,3939,Standard Buying,20.0,SAR,0,Nos,1,طقوم زركون خناق,,
bf33f40b82,4040,Standard Selling SAR,15.20,SAR,1,,0,طقوم زركون ملون,,
21b759b981,4040,Standard Buying,9.0,SAR,0,Nos,1,طقوم زركون ملون,,
d434c9d16e,6262,Standard Selling SAR,10.00,SAR,1,,0,طقوم زركون خناق طو,,
d1596b797b,6262,Standard Buying,6.0,SAR,0,Nos,1,طقوم زركون خناق طو,,
8049886499,6464,Standard Selling SAR,20.00,SAR,1,,0,طقوم زركون كرت اصفر,,
7dc5e476b4,6464,Standard Buying,13.0,SAR,0,Nos,1,طقوم زركون كرت اصفر,,
4b7e522b6e,6565,Standard Selling SAR,20.00,SAR,1,,0,طقوم زركون كرت ازرق,,
c47a0f84a6,6565,Standard Buying,13.0,SAR,0,Nos,1,طقوم زركون كرت ازرق,,
7c1e5fd686,790998,Standard Selling SAR,0.00,SAR,1,,0,طقم اكسسوار علب هدايا 7 موديل 2,,
6fb315bdaa,790998,Standard Buying,3.83,SAR,0,Nos,1,طقم اكسسوار علب هدايا 7 موديل 2,,
82279d24ef,133133,Standard Selling SAR,3.53,SAR,1,,0,ابيام كلبس فيونكات 4435,,
5b90936b05,133133,Standard Buying,1.5,SAR,0,Nos,1,ابيام كلبس فيونكات 4435,,
42637a4b5a,18534,Standard Selling SAR,2.35,SAR,1,,0,فيونكات بناتي,,
c8ceb64514,709,Standard Selling SAR,1.00,SAR,1,,0,قباضات نسائي,,
a6b4d1aa19,718,Standard Selling SAR,1.00,SAR,1,,0,قباضات نسائي,,
cd1ffbf35b,2323,Standard Selling SAR,8.23,SAR,1,,0,قطب زركون فص ملون,,
8880741766,2323,Standard Buying,4.0,SAR,0,Nos,1,قطب زركون فص ملون,,
b9300c4339,2424,Standard Selling SAR,15.00,SAR,1,,0,قطب زركون ملون صغير,,
414b8b5223,2424,Standard Buying,11.5,SAR,0,Nos,1,قطب زركون ملون صغير,,
2eb74ad948,2626,Standard Selling SAR,10.00,SAR,1,,0,قطب زركون ملون,,
7d2726bf40,2626,Standard Buying,5.5,SAR,0,Nos,1,قطب زركون ملون,,
a09ebf0cbb,2727,Standard Selling SAR,12.00,SAR,1,,0,قطب زركون ملون دائري,,
ec43b25aa7,2727,Standard Buying,6.5,SAR,0,Nos,1,قطب زركون ملون دائري,,
727221a3ea,2828,Standard Selling SAR,10.00,SAR,1,,0,قطب زركون فراشه,,
7ca698c9ec,2828,Standard Buying,6.0,SAR,0,Nos,1,قطب زركون فراشه,,
408d5cd483,2929,Standard Selling SAR,10.00,SAR,1,,0,قطب زركون منوع,,
a8edb17e0b,2929,Standard Buying,5.5,SAR,0,Nos,1,قطب زركون منوع,,
bf873b12b6,3030,Standard Selling SAR,5.41,SAR,1,,0,قطب زركون *3 دائري,,
3abd2131d7,3030,Standard Buying,3.67,SAR,0,Nos,1,قطب زركون *3 دائري,,
0fcd226223,3838,Standard Selling SAR,10.00,SAR,1,,0,قطب زركون ثعبان,,
2f340c5515,3838,Standard Buying,6.5,SAR,0,Nos,1,قطب زركون ثعبان,,
6deb10db83,3998,Standard Selling SAR,10.00,SAR,1,,0,قطب دمعة زركون,,
a51c435622,3998,Standard Buying,6.0,SAR,0,Nos,1,قطب دمعة زركون,,
688b7d9b76,120121,Standard Selling SAR,1.08,SAR,1,,0,نقش حناء صغير,,
d52ee7ccb0,120121,Standard Buying,0.67,SAR,0,Nos,1,نقش حناء صغير,,
27307ae664,12120,Standard Selling SAR,1.08,SAR,1,,0,نقش حناء منوع,,
01bd99649d,12120,Standard Buying,1.08,SAR,0,Nos,1,نقش حناء منوع,,
4b0bab48a2,225228,Standard Selling SAR,1.88,SAR,1,,0,اقماع حناء المليكة,,
681fce66e5,225228,Standard Buying,1.3,SAR,0,Nos,1,اقماع حناء المليكة,,
ae7bcbe57f,144144,Standard Selling SAR,1.88,SAR,1,,0,مبارد,,
c83b233fa0,144144,Standard Buying,0.83,SAR,0,Nos,1,مبارد,,
66652e179f,695657000888,Standard Selling SAR,2.35,SAR,1,,0,نقش تاتو,,
ea89763e24,695657000888,Standard Buying,1.0,SAR,0,Nos,1,نقش تاتو,,
